scale,raw_score,score,percentile,range,ci_95,test,test_name,domain,subdomain,narrow,pass,verbal,timed,test_type,score_type,absort,description,filename,result,score_adj,ci_95_lower,ci_95_upper,range_lower,range_upper,z,reliability,composition,z_mean_domain,z_sd_domain,z_mean_subdomain,z_sd_subdomain,z_mean_narrow,z_sd_narrow
Inconsistency,NA,43,24,Low Average Score,NA,pai,PAI,Symptom Validity,Response Inconsistency,Inconsistency,NA,NA,NA,symptom_validity,t_score,pai_inconsistency_1,Inconsistency,pai_validity.csv,"Biggie's score on Inconsistency
(Inconsistency) was Low Average Score.",NA,NA,NA,NA,NA,-0.7063025628400875,NA,NA,-0.44543149938359183,0.4216955491358022,-0.8456775795085719,0.12070230508778707,-0.7063025628400875,NA
Infrequency,NA,44,27,Within Normal Limits Score,NA,pai,PAI,Symptom Validity,Negative Impression,Infrequency,NA,NA,NA,symptom_validity,t_score,pai_infrequency_2,Infrequency,pai_validity.csv,"Biggie's score on Infrequency
(Infrequency) was Within Normal Limits Score.",NA,NA,NA,NA,NA,-0.612812991016627,NA,NA,-0.44543149938359183,0.4216955491358022,-0.5382659803476777,0.34192091598650043,-0.612812991016627,NA
Negative Impression Management,NA,44,27,Within Normal Limits Score,NA,pai,PAI,Symptom Validity,Negative Impression,Negative Impression Management,NA,NA,NA,symptom_validity,t_score,pai_negative impression management_3,Negative Impression Management,pai_validity.csv,"Biggie's score on Negative Impression Management
(Negative Impression Management) was Within Normal Limits Score.",NA,NA,NA,NA,NA,-0.612812991016627,NA,NA,-0.44543149938359183,0.4216955491358022,-0.5382659803476777,0.34192091598650043,-0.612812991016627,NA
Positive Impression Management,NA,48,42,Within Normal Limits Score,NA,pai,PAI,Symptom Validity,Positive Impresion,Positive Impression Management,NA,NA,NA,symptom_validity,t_score,pai_positive impression management_4,Positive Impression Management,pai_validity.csv,"Biggie's score on Positive Impression Management
(Positive Impression Management) was Within Normal Limits Score.",NA,NA,NA,NA,NA,-0.2018934791418509,NA,NA,-0.44543149938359183,0.4216955491358022,-0.2018934791418509,NA,-0.2018934791418509,NA
Malingering Index,NA,44,27,Within Normal Limits Score,NA,pai,PAI,Symptom Validity,Negative Impression,Malingering Index,NA,NA,NA,symptom_validity,t_score,pai_malingering index_5,Malingering Index,pai_validity.csv,"Biggie's score on Malingering Index
(Malingering Index) was Within Normal Limits Score.",NA,NA,NA,NA,NA,-0.612812991016627,NA,NA,-0.44543149938359183,0.4216955491358022,-0.5382659803476777,0.34192091598650043,-0.612812991016627,NA
Rogers Discriminant Function,NA,50,50,Within Normal Limits Score,NA,pai,PAI,Symptom Validity,Negative Impression,Rogers Discriminant Function,NA,NA,NA,symptom_validity,t_score,pai_rogers discriminant function_6,Rogers Discriminant Function,pai_validity.csv,"Biggie's score on Rogers Discriminant Function
(Rogers Discriminant Function) was Within Normal Limits Score.",NA,NA,NA,NA,NA,0,NA,NA,-0.44543149938359183,0.4216955491358022,-0.5382659803476777,0.34192091598650043,0,NA
Negative Distortion Scale,NA,42,21,Low Average Score,NA,pai,PAI,Symptom Validity,Negative Impression,Negative Distortion Scale,NA,NA,NA,symptom_validity,t_score,pai_negative distortion scale_7,Negative Distortion Scale,pai_validity.csv,"Biggie's score on Negative Distortion Scale
(Negative Distortion Scale) was Low Average Score.",NA,NA,NA,NA,NA,-0.8064212470182404,NA,NA,-0.44543149938359183,0.4216955491358022,-0.5382659803476777,0.34192091598650043,-0.8064212470182404,NA
Hong Malingering Index,NA,40,15,Low Average Score,NA,pai,PAI,Symptom Validity,Negative Impression,Hong Malingering Index,NA,NA,NA,symptom_validity,t_score,pai_hong malingering index_8,Hong Malingering Index,pai_validity.csv,"Biggie's score on Hong Malingering Index
(Hong Malingering Index) was Low Average Score.",NA,NA,NA,NA,NA,-1.0364333894937894,NA,NA,-0.44543149938359183,0.4216955491358022,-0.5382659803476777,0.34192091598650043,-1.0364333894937894,NA
Multiscale Feigning Index,NA,45,30,Within Normal Limits Score,NA,pai,PAI,Symptom Validity,Negative Impression,Multiscale Feigning Index,NA,NA,NA,symptom_validity,t_score,pai_multiscale feigning index_9,Multiscale Feigning Index,pai_validity.csv,"Biggie's score on Multiscale Feigning Index
(Multiscale Feigning Index) was Within Normal Limits Score.",NA,NA,NA,NA,NA,-0.5244005127080407,NA,NA,-0.44543149938359183,0.4216955491358022,-0.5382659803476777,0.34192091598650043,-0.5244005127080407,NA
Malingered Pain-Related Disability Discriminant Function,NA,49,46,Within Normal Limits Score,NA,pai,PAI,Symptom Validity,Negative Impression,Malingered Pain-Related Disability Discriminant Function,NA,NA,NA,symptom_validity,t_score,pai_malingered pain-related disability discriminant function_10,Malingered Pain-Related Disability Discriminant Function,pai_validity.csv,"Biggie's score on Malingered Pain-Related Disability Discriminant Function
(Malingered Pain-Related Disability Discriminant Function) was Within Normal Limits Score.",NA,NA,NA,NA,NA,-0.10043372051146975,NA,NA,-0.44543149938359183,0.4216955491358022,-0.5382659803476777,0.34192091598650043,-0.10043372051146975,NA
Defensiveness Index,NA,44,27,Within Normal Limits Score,NA,pai,PAI,Symptom Validity,Positive Impression,Defensiveness Index,NA,NA,NA,symptom_validity,t_score,pai_defensiveness index_11,Defensiveness Index,pai_validity.csv,"Biggie's score on Defensiveness Index
(Defensiveness Index) was Within Normal Limits Score.",NA,NA,NA,NA,NA,-0.612812991016627,NA,NA,-0.44543149938359183,0.4216955491358022,-0.02046248242212047,0.4035911422708936,-0.612812991016627,NA
Cashel Discriminant Function,NA,53,61,Within Normal Limits Score,NA,pai,PAI,Symptom Validity,Positive Impression,Cashel Discriminant Function,NA,NA,NA,symptom_validity,t_score,pai_cashel discriminant function_12,Cashel Discriminant Function,pai_validity.csv,"Biggie's score on Cashel Discriminant Function
(Cashel Discriminant Function) was Within Normal Limits Score.",NA,NA,NA,NA,NA,0.27931903444745404,NA,NA,-0.44543149938359183,0.4216955491358022,-0.02046248242212047,0.4035911422708936,0.27931903444745404,NA
Positive Distortion Scale,NA,51,53,Within Normal Limits Score,NA,pai,PAI,Symptom Validity,Positive Impression,Positive Distortion Scale,NA,NA,NA,symptom_validity,t_score,pai_positive distortion scale_13,Positive Distortion Scale,pai_validity.csv,"Biggie's score on Positive Distortion Scale
(Positive Distortion Scale) was Within Normal Limits Score.",NA,NA,NA,NA,NA,0.0752698620998299,NA,NA,-0.44543149938359183,0.4216955491358022,-0.02046248242212047,0.4035911422708936,0.0752698620998299,NA
Hong Defensiveness Index,NA,52,57,Within Normal Limits Score,NA,pai,PAI,Symptom Validity,Positive Impression,Hong Defensiveness Index,NA,NA,NA,symptom_validity,t_score,pai_hong defensiveness index_14,Hong Defensiveness Index,pai_validity.csv,"Biggie's score on Hong Defensiveness Index
(Hong Defensiveness Index) was Within Normal Limits Score.",NA,NA,NA,NA,NA,0.17637416478086118,NA,NA,-0.44543149938359183,0.4216955491358022,-0.02046248242212047,0.4035911422708936,0.17637416478086118,NA
Back Random Responding,NA,41,18,Low Average Score,NA,pai,PAI,Symptom Validity,Response Inconsistency,Back Random Responding,NA,NA,NA,symptom_validity,t_score,pai_back random responding_15,Back Random Responding,pai_validity.csv,"Biggie's score on Back Random Responding
(Back Random Responding) was Low Average Score.",NA,NA,NA,NA,NA,-0.9153650878428141,NA,NA,-0.44543149938359183,0.4216955491358022,-0.8456775795085719,0.12070230508778707,-0.9153650878428141,NA
Hong Randomness Index,NA,41,18,Low Average Score,NA,pai,PAI,Symptom Validity,Response Inconsistency,Hong Randomness Index,NA,NA,NA,symptom_validity,t_score,pai_hong randomness index_16,Hong Randomness Index,pai_validity.csv,"Biggie's score on Hong Randomness Index
(Hong Randomness Index) was Low Average Score.",NA,NA,NA,NA,NA,-0.9153650878428141,NA,NA,-0.44543149938359183,0.4216955491358022,-0.8456775795085719,0.12070230508778707,-0.9153650878428141,NA
